{
    "MENU": {
        "ELEMENTS": {
            "ELEMENTS": "Elements",
            "BUTTONS": "Buttons",
            "CARDS": "Cards",
            "ICONS": "Icons",
            "CHECKBOXES": "Checkboxes",
            "SWITCHES": "Switches",
            "RADIOS": "Radios",
            "DIALOGS": "Dialogs",
            "GRIDS": "Grids",
            "FAB-SPEED": "FAB Speed Dial",
            "FAB-TOOLBAR": "FAB Toolbar",
            "TABS": "Tabs",
            "SLIDERS": "Sliders",
            "SELECTS": "Selects",
            "TABLES": "Tables",
            "PROGRESS": "Progress",
            "SIDEBARS": "Sidebars",
            "TOOLBARS": "Toolbars",
            "TEXTANGULAR": "Textangular",
            "TOOLTIPS": "Tooltips",
            "WHITEFRAMES": "Whiteframes",
            "TOASTS": "Toasts",
            "LISTS": "Lists",
            "CHIPS": "Chips",
            "MENUS": "Menus",
            "UPLOAD": "Upload"
        }
    }
}