{
    "MENU": {
        "TODO": {
            "TITLE": "Para o fazer",
            "HEADER": "Para fazer a lista",
            "NOTE": "Nota",
            "REMOVEMSG": "Remover itens da lista por swipping direito",
            "DIALOG": {
                "NEW": "Adicionar Tarefa",
                "DESC": "Nome Da Tarefa",
                "HIGH": "Alta",
                "MEDIUM": "Médio",
                "LOW": "Baixa",
                "PRIORITY": "Prioridade",
                "TASKFORM": {
                    "PLEASE_ENTER": "Por favor insira um nome de tarefa"
                }
            }
        }
    }
}