{
    "GENERAL": {
        "CANCEL": "Cancel",
        "OK": "Ok"
    },
    "ADMIN": {
        "TOOLBAR": {
            "SETTINGS": "Settings",
            "PROFILE": "Profile",
            "LOGOUT": "Logout",
            "SIDEBAR_TOGGLE": "Toggle Menu"
        },
        "NOTIFICATIONS": {
            "ACCOUNT_SETTINGS": "Account Settings",
            "CHAT_SETTINGS": "Chat Settings",
            "USER_STATS": "User Statistics",
            "SERVER_STATS": "Server Statistics",
            "SHOW_LOCATION": "Show my location",
            "SHOW_AVATAR": "Show my avatar",
            "SEND_NOTIFICATIONS": "Send me notifications",
            "ALLOW_BACKUPS": "Allow cloud backups",
            "SHOW_USERNAME": "Show my username",
            "SHOW_PROFILE": "Make my profile public",
            "STORAGE_SPACE": "Storage Space (120/160 Gb)",
            "BANDWIDTH_USAGAE": "Bandwidth Usage (10/100 Gb)",
            "MEMORY_USAGAE": "Memory Usage (1/8 Gb)"
        }
    },
    "LANGUAGES": {
        "CHINESE": "Chinese",
        "ENGLISH": "English",
        "FRENCH": "French",
        "PORTUGUESE": "Portuguese"
    },
    "TABLES": {
        "NEXT": "Next Page",
        "PREV": "Previous Page",
        "OF": "of",
        "ROWS": "Rows per page:"
    },
    "404": {
        "TITLE": "404",
        "HOME": "Go back home",
        "MESSAGE": "Page not found",
        "DESCRIPTION": "Sorry, the page you are looking for cannot be found here. Head back to the home page and start from there."
    },
    "500": {
        "TITLE": "500",
        "MESSAGE": "Something went wrong.",
        "DESCRIPTION": "Sorry, something has gone wrong.",
        "HOME": "Go back home"
    },
    "MESSAGES": {
        "LANGUAGE_CHANGED": "Language Changed"
    }
}
